id,train_no,service,operator,origin,destination,day,depart_time,arrive_time,platform,stops,notes
1,ICE887,ICE,Deutsche Bahn,Hannover Hbf,Hamburg Hbf,Thu,13:00,17:34,15,Dortmund Hbf;Karlsruhe Hbf,Bistro
2,ICE445,ICE,Deutsche Bahn,Stuttgart Hbf,Frankfurt(Main)Hbf,Fri,15:50,17:52,3,Essen Hbf;Hamburg Hbf,Seasonal
3,IC423,IC,Deutsche Bahn,Hamburg Hbf,Berlin Hbf,Sat,19:00,20:52,2,Dresden Hbf;München Hbf;Bremen Hbf,Peak service
4,RE580,RE,Deutsche Bahn,Essen Hbf,Hannover Hbf,Sun,06:20,08:17,9,Dresden Hbf;Kiel Hbf;Bremen Hbf;Berlin Hbf;Rostock Hbf,Limited stops
5,RE801,RE,Deutsche Bahn,Mannheim Hbf,Freiburg (Breisgau) Hbf,Fri,20:40,22:57,6,Stuttgart Hbf;Hamburg Hbf,Peak service
6,RE442,RE,Deutsche Bahn,Hannover Hbf,Stuttgart Hbf,Wed,22:30,23:18,12,Dortmund Hbf;Karlsruhe Hbf;Berlin Hbf;Köln Hbf;Bremen Hbf,On time
7,RE460,RE,Deutsche Bahn,Bremen Hbf,Berlin Hbf,Tue,17:40,20:18,12,Düsseldorf Hbf;Augsburg Hbf,Limited stops
8,RE595,RE,Deutsche Bahn,Leipzig Hbf,Augsburg Hbf,Tue,09:40,12:03,7,München Hbf;Berlin Hbf;Frankfurt(Main)Hbf;Hannover Hbf;Köln Hbf,On time
9,IC544,IC,Deutsche Bahn,Bremen Hbf,Hannover Hbf,Sat,18:00,20:25,10,Kiel Hbf;Freiburg (Breisgau) Hbf,Construction detour
10,ICE108,ICE,Deutsche Bahn,Hamburg Hbf,Freiburg (Breisgau) Hbf,Sun,22:30,23:48,9,Berlin Hbf;Bremen Hbf;Nürnberg Hbf;Hannover Hbf;Rostock Hbf,Limited stops
11,RE456,RE,Deutsche Bahn,Düsseldorf Hbf,Freiburg (Breisgau) Hbf,Mon,10:30,11:16,12,Karlsruhe Hbf;Leipzig Hbf;Hamburg Hbf,Limited stops
12,RE496,RE,Deutsche Bahn,München Hbf,Mannheim Hbf,Fri,14:10,15:54,13,Karlsruhe Hbf;Stuttgart Hbf;Bremen Hbf;Nürnberg Hbf;Hamburg Hbf,Construction detour
13,ICE542,ICE,Deutsche Bahn,Kiel Hbf,Karlsruhe Hbf,Mon,09:30,13:21,1,Essen Hbf;Rostock Hbf;Nürnberg Hbf;Dresden Hbf,Limited stops
14,ICE432,ICE,Deutsche Bahn,Stuttgart Hbf,Mannheim Hbf,Sun,21:40,01:02,3,Kiel Hbf;Köln Hbf;Karlsruhe Hbf;Rostock Hbf,Seasonal
15,IC618,IC,Deutsche Bahn,Hamburg Hbf,Hannover Hbf,Tue,11:20,15:05,7,Kiel Hbf;Köln Hbf,Wi-Fi
16,RE298,RE,Deutsche Bahn,Dresden Hbf,Berlin Hbf,Wed,12:00,13:51,2,Rostock Hbf;Stuttgart Hbf;Kiel Hbf;Dortmund Hbf,Peak service
17,IC363,IC,Deutsche Bahn,Karlsruhe Hbf,Berlin Hbf,Sat,20:20,01:12,15,Kiel Hbf;Stuttgart Hbf;München Hbf,Limited stops
18,RE451,RE,Deutsche Bahn,Rostock Hbf,Essen Hbf,Sat,08:50,09:33,6,Bremen Hbf;Freiburg (Breisgau) Hbf;Düsseldorf Hbf;Stuttgart Hbf;Köln Hbf,Limited stops
19,IC940,IC,Deutsche Bahn,Düsseldorf Hbf,Dresden Hbf,Tue,17:00,22:02,7,Stuttgart Hbf;Dortmund Hbf;Freiburg (Breisgau) Hbf;München Hbf,Bistro
20,ICE939,ICE,Deutsche Bahn,Hannover Hbf,Mannheim Hbf,Fri,15:00,17:37,1,Düsseldorf Hbf;Köln Hbf;Essen Hbf;Rostock Hbf;Freiburg (Breisgau) Hbf,Construction detour
21,IC372,IC,Deutsche Bahn,Leipzig Hbf,Dortmund Hbf,Sun,19:40,00:06,4,Kiel Hbf;Nürnberg Hbf;Bremen Hbf;Berlin Hbf;Hamburg Hbf,On time
22,ICE851,ICE,Deutsche Bahn,Freiburg (Breisgau) Hbf,Essen Hbf,Tue,20:40,21:50,8,Düsseldorf Hbf;Bremen Hbf;Leipzig Hbf,Seasonal
23,ICE715,ICE,Deutsche Bahn,Dortmund Hbf,Mannheim Hbf,Sun,14:50,18:18,15,Düsseldorf Hbf;Karlsruhe Hbf,Wi-Fi
24,RE391,RE,Deutsche Bahn,Hamburg Hbf,Hannover Hbf,Tue,18:20,20:38,1,Augsburg Hbf;Dresden Hbf,Wi-Fi
25,ICE269,ICE,Deutsche Bahn,Hannover Hbf,Mannheim Hbf,Sun,21:10,23:27,8,Leipzig Hbf;Düsseldorf Hbf;Hamburg Hbf;München Hbf;Rostock Hbf,Seasonal
26,RE926,RE,Deutsche Bahn,Augsburg Hbf,Hannover Hbf,Tue,21:00,23:10,7,Köln Hbf;München Hbf;Dortmund Hbf;Freiburg (Breisgau) Hbf;Bremen Hbf,Peak service
27,RE605,RE,Deutsche Bahn,Bremen Hbf,Frankfurt(Main)Hbf,Tue,11:10,12:41,1,Leipzig Hbf;Hamburg Hbf;Dortmund Hbf,On time
28,ICE660,ICE,Deutsche Bahn,Freiburg (Breisgau) Hbf,Düsseldorf Hbf,Mon,06:10,10:17,15,Nürnberg Hbf;Stuttgart Hbf;Rostock Hbf;München Hbf;Frankfurt(Main)Hbf,Construction detour
29,RE627,RE,Deutsche Bahn,Düsseldorf Hbf,Dresden Hbf,Mon,16:10,18:39,4,Hannover Hbf;Kiel Hbf;Essen Hbf;Leipzig Hbf;Nürnberg Hbf,Wi-Fi
30,IC989,IC,Deutsche Bahn,Hamburg Hbf,Essen Hbf,Mon,14:10,19:43,12,Stuttgart Hbf;Frankfurt(Main)Hbf,Peak service
31,IC555,IC,Deutsche Bahn,Augsburg Hbf,Berlin Hbf,Fri,16:20,20:55,4,Hamburg Hbf;Frankfurt(Main)Hbf;Kiel Hbf;Düsseldorf Hbf;Bremen Hbf,Bistro
32,RE493,RE,Deutsche Bahn,Hamburg Hbf,Dresden Hbf,Tue,18:10,20:41,3,Leipzig Hbf;Köln Hbf,Bistro
33,ICE324,ICE,Deutsche Bahn,Köln Hbf,Frankfurt(Main)Hbf,Thu,18:10,21:59,7,München Hbf;Dresden Hbf,On time
34,IC784,IC,Deutsche Bahn,Hamburg Hbf,Frankfurt(Main)Hbf,Mon,16:30,19:45,14,Nürnberg Hbf;Essen Hbf;Karlsruhe Hbf,Construction detour
35,ICE398,ICE,Deutsche Bahn,Hamburg Hbf,Berlin Hbf,Wed,17:20,21:41,4,Köln Hbf;Frankfurt(Main)Hbf,On time
36,ICE228,ICE,Deutsche Bahn,Nürnberg Hbf,Leipzig Hbf,Fri,05:40,10:29,13,Essen Hbf;Freiburg (Breisgau) Hbf;Kiel Hbf;Karlsruhe Hbf,Wi-Fi
37,IC458,IC,Deutsche Bahn,München Hbf,Nürnberg Hbf,Wed,05:20,11:09,13,Bremen Hbf;Köln Hbf,Peak service
38,RE555,RE,Deutsche Bahn,Stuttgart Hbf,Düsseldorf Hbf,Sun,08:50,11:36,4,Hamburg Hbf;Leipzig Hbf;Kiel Hbf;Freiburg (Breisgau) Hbf;Dresden Hbf,Peak service
39,IC657,IC,Deutsche Bahn,Nürnberg Hbf,Augsburg Hbf,Tue,17:00,20:43,12,Stuttgart Hbf;Dresden Hbf,Bistro
40,ICE831,ICE,Deutsche Bahn,Köln Hbf,Frankfurt(Main)Hbf,Fri,08:20,09:51,15,Freiburg (Breisgau) Hbf;München Hbf,Bistro
41,IC520,IC,Deutsche Bahn,Frankfurt(Main)Hbf,Hannover Hbf,Mon,13:40,16:11,11,Karlsruhe Hbf;Bremen Hbf,Limited stops
42,RE340,RE,Deutsche Bahn,Nürnberg Hbf,Dortmund Hbf,Mon,07:00,07:55,15,Freiburg (Breisgau) Hbf;Karlsruhe Hbf;Stuttgart Hbf;Essen Hbf;Hamburg Hbf,Peak service
43,ICE345,ICE,Deutsche Bahn,Freiburg (Breisgau) Hbf,Dresden Hbf,Mon,18:10,22:35,14,Stuttgart Hbf;Nürnberg Hbf,Peak service
44,ICE166,ICE,Deutsche Bahn,Karlsruhe Hbf,Nürnberg Hbf,Sun,05:00,09:22,10,Hannover Hbf;München Hbf;Dresden Hbf;Mannheim Hbf;Frankfurt(Main)Hbf,Bistro
45,RE123,RE,Deutsche Bahn,Augsburg Hbf,Düsseldorf Hbf,Sat,09:20,11:02,15,Dortmund Hbf;Dresden Hbf;Mannheim Hbf,On time
46,IC274,IC,Deutsche Bahn,Hamburg Hbf,Frankfurt(Main)Hbf,Sat,06:40,10:03,15,Mannheim Hbf;Hannover Hbf,Peak service
47,RE473,RE,Deutsche Bahn,Freiburg (Breisgau) Hbf,Augsburg Hbf,Mon,11:00,13:22,1,Berlin Hbf;Dresden Hbf;München Hbf;Hamburg Hbf,Limited stops
48,RE831,RE,Deutsche Bahn,Mannheim Hbf,Köln Hbf,Mon,18:50,21:20,10,Bremen Hbf;Dresden Hbf;Freiburg (Breisgau) Hbf;Leipzig Hbf;Rostock Hbf,Construction detour
49,ICE321,ICE,Deutsche Bahn,Hamburg Hbf,München Hbf,Tue,09:50,13:39,10,Freiburg (Breisgau) Hbf;Kiel Hbf;Essen Hbf;Rostock Hbf,Bistro
50,IC646,IC,Deutsche Bahn,Freiburg (Breisgau) Hbf,Stuttgart Hbf,Fri,22:00,23:31,15,Kiel Hbf;Köln Hbf;Mannheim Hbf,Construction detour
51,ICE130,ICE,Deutsche Bahn,Augsburg Hbf,Essen Hbf,Wed,14:30,17:05,11,Rostock Hbf;Düsseldorf Hbf;Dresden Hbf;Hamburg Hbf,On time
52,IC199,IC,Deutsche Bahn,München Hbf,Kiel Hbf,Thu,16:30,19:30,15,Köln Hbf;Hannover Hbf,Seasonal
53,IC795,IC,Deutsche Bahn,Frankfurt(Main)Hbf,Mannheim Hbf,Sat,08:30,14:29,13,Kiel Hbf;Augsburg Hbf;Bremen Hbf,Bistro
54,RE445,RE,Deutsche Bahn,Freiburg (Breisgau) Hbf,Hannover Hbf,Sat,20:10,21:40,2,Kiel Hbf;Frankfurt(Main)Hbf,Bistro
55,ICE926,ICE,Deutsche Bahn,Frankfurt(Main)Hbf,Rostock Hbf,Sat,10:50,14:45,7,Kiel Hbf;Hannover Hbf;Dresden Hbf,Limited stops
56,IC581,IC,Deutsche Bahn,Mannheim Hbf,Berlin Hbf,Tue,13:20,19:08,11,Hannover Hbf;Köln Hbf;Dortmund Hbf;Karlsruhe Hbf;Augsburg Hbf,Peak service
57,IC753,IC,Deutsche Bahn,Düsseldorf Hbf,München Hbf,Thu,18:50,21:05,6,Mannheim Hbf;Berlin Hbf;Frankfurt(Main)Hbf;Kiel Hbf;Freiburg (Breisgau) Hbf,Bistro
58,IC817,IC,Deutsche Bahn,Düsseldorf Hbf,Leipzig Hbf,Fri,22:30,02:54,11,München Hbf;Stuttgart Hbf;Frankfurt(Main)Hbf,Construction detour
59,IC538,IC,Deutsche Bahn,Dresden Hbf,Essen Hbf,Sat,05:20,07:54,5,Rostock Hbf;Düsseldorf Hbf;Hamburg Hbf;Stuttgart Hbf,Wi-Fi
60,ICE231,ICE,Deutsche Bahn,Köln Hbf,Augsburg Hbf,Fri,05:40,08:44,9,Freiburg (Breisgau) Hbf;Mannheim Hbf;Hamburg Hbf;Rostock Hbf;Frankfurt(Main)Hbf,Wi-Fi
61,IC814,IC,Deutsche Bahn,Leipzig Hbf,Düsseldorf Hbf,Thu,20:00,00:52,2,Kiel Hbf;Dortmund Hbf;Köln Hbf;Augsburg Hbf,Bistro
62,ICE279,ICE,Deutsche Bahn,Köln Hbf,Bremen Hbf,Tue,07:00,09:48,14,Essen Hbf;Mannheim Hbf;München Hbf;Leipzig Hbf;Berlin Hbf,On time
63,IC485,IC,Deutsche Bahn,Mannheim Hbf,Karlsruhe Hbf,Sun,15:20,19:48,2,Stuttgart Hbf;Köln Hbf;Berlin Hbf;Leipzig Hbf,Peak service
64,RE945,RE,Deutsche Bahn,Düsseldorf Hbf,München Hbf,Tue,14:20,16:03,3,Augsburg Hbf;Freiburg (Breisgau) Hbf;Hannover Hbf;Nürnberg Hbf,Limited stops
65,ICE958,ICE,Deutsche Bahn,Rostock Hbf,Essen Hbf,Tue,11:20,13:21,12,Kiel Hbf;Leipzig Hbf;Nürnberg Hbf;Dortmund Hbf;Karlsruhe Hbf,Wi-Fi
66,ICE907,ICE,Deutsche Bahn,Dortmund Hbf,Essen Hbf,Wed,20:50,23:44,8,Freiburg (Breisgau) Hbf;Nürnberg Hbf;Hamburg Hbf;Düsseldorf Hbf,Peak service
67,IC491,IC,Deutsche Bahn,Köln Hbf,Düsseldorf Hbf,Fri,21:10,00:39,13,Dresden Hbf;Essen Hbf,Limited stops
68,RE721,RE,Deutsche Bahn,Dortmund Hbf,Hannover Hbf,Tue,14:10,16:53,4,Hamburg Hbf;Freiburg (Breisgau) Hbf;Rostock Hbf;Stuttgart Hbf;Leipzig Hbf,Construction detour
69,RE452,RE,Deutsche Bahn,Frankfurt(Main)Hbf,Stuttgart Hbf,Sat,09:10,10:57,7,Leipzig Hbf;Mannheim Hbf;Düsseldorf Hbf,Seasonal
70,ICE403,ICE,Deutsche Bahn,Rostock Hbf,Dresden Hbf,Tue,06:20,11:17,15,Essen Hbf;Berlin Hbf;Stuttgart Hbf,Wi-Fi
71,IC433,IC,Deutsche Bahn,Rostock Hbf,Stuttgart Hbf,Mon,08:10,10:01,6,Hamburg Hbf;Dresden Hbf;Essen Hbf,Peak service
72,ICE636,ICE,Deutsche Bahn,Köln Hbf,Augsburg Hbf,Mon,12:50,14:16,7,Hannover Hbf;Düsseldorf Hbf;Dresden Hbf,Peak service
73,ICE855,ICE,Deutsche Bahn,Kiel Hbf,Bremen Hbf,Thu,05:40,08:44,5,Dortmund Hbf;Stuttgart Hbf;Frankfurt(Main)Hbf;Köln Hbf;Essen Hbf,Bistro
74,RE249,RE,Deutsche Bahn,Dortmund Hbf,Mannheim Hbf,Sat,11:10,13:55,3,Augsburg Hbf;Köln Hbf;Kiel Hbf,Bistro
75,RE610,RE,Deutsche Bahn,Stuttgart Hbf,Berlin Hbf,Sat,17:10,20:01,11,Essen Hbf;Köln Hbf;Düsseldorf Hbf,Bistro
76,RE341,RE,Deutsche Bahn,Nürnberg Hbf,Hannover Hbf,Tue,11:10,11:42,11,Essen Hbf;Kiel Hbf,Bistro
77,IC576,IC,Deutsche Bahn,Hamburg Hbf,Stuttgart Hbf,Wed,21:00,02:13,9,Frankfurt(Main)Hbf;Mannheim Hbf;Berlin Hbf;Köln Hbf,Bistro
78,IC931,IC,Deutsche Bahn,Frankfurt(Main)Hbf,Dortmund Hbf,Sat,19:20,21:49,12,Augsburg Hbf;Karlsruhe Hbf;Kiel Hbf;Essen Hbf;München Hbf,Wi-Fi
79,IC687,IC,Deutsche Bahn,Hannover Hbf,Rostock Hbf,Fri,07:00,08:34,11,Karlsruhe Hbf;Essen Hbf;Augsburg Hbf;Dresden Hbf,Wi-Fi
80,ICE764,ICE,Deutsche Bahn,Leipzig Hbf,Stuttgart Hbf,Sat,15:10,19:14,8,Rostock Hbf;Nürnberg Hbf;Essen Hbf,Bistro
81,IC686,IC,Deutsche Bahn,Stuttgart Hbf,Hannover Hbf,Wed,17:40,22:51,11,Nürnberg Hbf;Augsburg Hbf,Wi-Fi
82,RE258,RE,Deutsche Bahn,Rostock Hbf,Leipzig Hbf,Fri,16:30,18:22,12,Essen Hbf;Bremen Hbf,Peak service
83,RE123,RE,Deutsche Bahn,München Hbf,Leipzig Hbf,Wed,09:20,10:36,8,Dresden Hbf;Nürnberg Hbf;Stuttgart Hbf,Wi-Fi
84,RE660,RE,Deutsche Bahn,Hannover Hbf,Karlsruhe Hbf,Thu,06:30,09:24,7,Bremen Hbf;Frankfurt(Main)Hbf;Hamburg Hbf;Köln Hbf,Construction detour
85,IC475,IC,Deutsche Bahn,Nürnberg Hbf,Hamburg Hbf,Tue,18:20,23:44,9,München Hbf;Rostock Hbf;Hannover Hbf;Köln Hbf;Augsburg Hbf,Limited stops
86,IC630,IC,Deutsche Bahn,Leipzig Hbf,Köln Hbf,Thu,06:40,11:21,14,Hannover Hbf;Nürnberg Hbf;Berlin Hbf,Construction detour
87,ICE650,ICE,Deutsche Bahn,Hamburg Hbf,Mannheim Hbf,Fri,20:40,00:20,8,Leipzig Hbf;Bremen Hbf;Freiburg (Breisgau) Hbf;Augsburg Hbf,Construction detour
88,RE737,RE,Deutsche Bahn,Dresden Hbf,Mannheim Hbf,Tue,11:00,13:42,15,Düsseldorf Hbf;Nürnberg Hbf;Augsburg Hbf,Bistro
89,ICE428,ICE,Deutsche Bahn,Augsburg Hbf,Karlsruhe Hbf,Tue,12:10,13:29,6,Bremen Hbf;Köln Hbf;Essen Hbf,Limited stops
90,ICE728,ICE,Deutsche Bahn,Berlin Hbf,Bremen Hbf,Sun,06:50,10:29,7,Frankfurt(Main)Hbf;Dresden Hbf;Leipzig Hbf;Essen Hbf,Limited stops
91,IC553,IC,Deutsche Bahn,Freiburg (Breisgau) Hbf,Leipzig Hbf,Fri,14:10,18:29,5,Nürnberg Hbf;Augsburg Hbf;Karlsruhe Hbf;Rostock Hbf;Düsseldorf Hbf,Bistro
92,ICE636,ICE,Deutsche Bahn,Dortmund Hbf,Essen Hbf,Mon,09:10,12:53,7,Bremen Hbf;Karlsruhe Hbf,Construction detour
93,IC436,IC,Deutsche Bahn,Dresden Hbf,Rostock Hbf,Mon,11:50,15:16,3,Nürnberg Hbf;Hannover Hbf;Dortmund Hbf,Wi-Fi
94,RE487,RE,Deutsche Bahn,Mannheim Hbf,Karlsruhe Hbf,Sat,11:00,11:46,12,Stuttgart Hbf;Leipzig Hbf;München Hbf,Limited stops
95,IC308,IC,Deutsche Bahn,Düsseldorf Hbf,Rostock Hbf,Sat,17:30,19:33,9,Freiburg (Breisgau) Hbf;Stuttgart Hbf;Dortmund Hbf;Hamburg Hbf,Bistro
96,ICE841,ICE,Deutsche Bahn,Bremen Hbf,Augsburg Hbf,Fri,06:10,10:24,7,Essen Hbf;Köln Hbf;Berlin Hbf;Leipzig Hbf,On time
97,RE164,RE,Deutsche Bahn,München Hbf,Karlsruhe Hbf,Tue,08:10,10:05,11,Nürnberg Hbf;Hannover Hbf;Leipzig Hbf,Limited stops
98,ICE137,ICE,Deutsche Bahn,Dortmund Hbf,Berlin Hbf,Mon,21:10,00:12,6,Dresden Hbf;Augsburg Hbf;Kiel Hbf,Seasonal
99,RE217,RE,Deutsche Bahn,Rostock Hbf,Leipzig Hbf,Thu,08:30,09:16,11,Hamburg Hbf;Frankfurt(Main)Hbf;Essen Hbf;Düsseldorf Hbf,Seasonal
100,ICE355,ICE,Deutsche Bahn,Augsburg Hbf,Frankfurt(Main)Hbf,Tue,12:10,13:31,14,Düsseldorf Hbf;Köln Hbf;Hannover Hbf;Kiel Hbf,On time
101,RE471,RE,Deutsche Bahn,Hannover Hbf,Bremen Hbf,Mon,12:40,14:29,1,Nürnberg Hbf;Hamburg Hbf,Limited stops
102,RE505,RE,Deutsche Bahn,Mannheim Hbf,Rostock Hbf,Tue,16:20,18:49,14,Kiel Hbf;Freiburg (Breisgau) Hbf;Essen Hbf,On time
103,ICE203,ICE,Deutsche Bahn,München Hbf,Köln Hbf,Thu,17:10,20:23,14,Rostock Hbf;Hannover Hbf,Bistro
104,RE815,RE,Deutsche Bahn,Frankfurt(Main)Hbf,Rostock Hbf,Sun,10:40,13:38,11,Nürnberg Hbf;Hamburg Hbf;Essen Hbf;Berlin Hbf,Limited stops
105,ICE179,ICE,Deutsche Bahn,Hannover Hbf,Mannheim Hbf,Wed,18:50,22:56,13,Bremen Hbf;Köln Hbf;Frankfurt(Main)Hbf;Leipzig Hbf;Rostock Hbf,Wi-Fi
106,RE646,RE,Deutsche Bahn,Augsburg Hbf,Nürnberg Hbf,Sat,22:20,00:57,11,Stuttgart Hbf;Dresden Hbf;Leipzig Hbf;Freiburg (Breisgau) Hbf,Construction detour
107,IC195,IC,Deutsche Bahn,Düsseldorf Hbf,Hamburg Hbf,Thu,12:30,17:22,4,Bremen Hbf;Karlsruhe Hbf;Nürnberg Hbf;Kiel Hbf;Augsburg Hbf,Seasonal
108,RE210,RE,Deutsche Bahn,Berlin Hbf,Mannheim Hbf,Thu,09:10,11:42,15,Stuttgart Hbf;Essen Hbf;Frankfurt(Main)Hbf;Dortmund Hbf;Rostock Hbf,Wi-Fi
109,ICE726,ICE,Deutsche Bahn,Hamburg Hbf,Köln Hbf,Sun,14:20,15:55,6,Bremen Hbf;Frankfurt(Main)Hbf;Nürnberg Hbf;Mannheim Hbf;Essen Hbf,Seasonal
110,RE502,RE,Deutsche Bahn,München Hbf,Mannheim Hbf,Wed,18:50,19:28,5,Düsseldorf Hbf;Essen Hbf;Leipzig Hbf,Peak service
111,ICE993,ICE,Deutsche Bahn,Dresden Hbf,Rostock Hbf,Sat,10:40,15:21,11,Frankfurt(Main)Hbf;Bremen Hbf;Stuttgart Hbf;Kiel Hbf,On time
112,IC528,IC,Deutsche Bahn,Bremen Hbf,Leipzig Hbf,Sat,19:10,20:43,5,Hannover Hbf;Mannheim Hbf,Peak service
113,ICE406,ICE,Deutsche Bahn,Nürnberg Hbf,Rostock Hbf,Sun,06:50,11:39,4,Leipzig Hbf;Berlin Hbf;München Hbf;Stuttgart Hbf;Frankfurt(Main)Hbf,Limited stops
114,ICE165,ICE,Deutsche Bahn,Freiburg (Breisgau) Hbf,Kiel Hbf,Tue,19:10,20:15,14,Köln Hbf;Frankfurt(Main)Hbf;Stuttgart Hbf,Limited stops
115,RE957,RE,Deutsche Bahn,Augsburg Hbf,Rostock Hbf,Fri,05:00,05:53,4,Essen Hbf;Mannheim Hbf;Bremen Hbf;Hamburg Hbf;Kiel Hbf,Peak service
116,IC965,IC,Deutsche Bahn,Köln Hbf,Berlin Hbf,Sat,13:10,17:56,10,Kiel Hbf;München Hbf;Leipzig Hbf;Frankfurt(Main)Hbf,Wi-Fi
117,IC119,IC,Deutsche Bahn,Stuttgart Hbf,Essen Hbf,Thu,09:20,15:04,13,Düsseldorf Hbf;Frankfurt(Main)Hbf;Köln Hbf;Freiburg (Breisgau) Hbf;Augsburg Hbf,Limited stops
118,RE177,RE,Deutsche Bahn,Essen Hbf,Düsseldorf Hbf,Tue,16:50,17:25,4,Augsburg Hbf;Dortmund Hbf;München Hbf;Freiburg (Breisgau) Hbf,Limited stops
119,RE564,RE,Deutsche Bahn,Rostock Hbf,Essen Hbf,Tue,11:30,12:30,10,Bremen Hbf;Köln Hbf;Dresden Hbf;Augsburg Hbf;Berlin Hbf,Wi-Fi
120,RE277,RE,Deutsche Bahn,Mannheim Hbf,Dresden Hbf,Wed,18:20,19:37,10,Berlin Hbf;Düsseldorf Hbf,Seasonal
121,IC114,IC,Deutsche Bahn,Freiburg (Breisgau) Hbf,Hamburg Hbf,Wed,17:30,21:58,10,Mannheim Hbf;Augsburg Hbf;Dortmund Hbf;Köln Hbf,Construction detour
122,ICE788,ICE,Deutsche Bahn,Hamburg Hbf,Freiburg (Breisgau) Hbf,Mon,16:10,21:00,12,Berlin Hbf;Essen Hbf,Wi-Fi
123,RE417,RE,Deutsche Bahn,Köln Hbf,Leipzig Hbf,Sat,16:40,18:18,10,Bremen Hbf;Dresden Hbf;Augsburg Hbf,Limited stops
124,RE394,RE,Deutsche Bahn,München Hbf,Nürnberg Hbf,Wed,17:00,17:46,9,Freiburg (Breisgau) Hbf;Köln Hbf,Bistro
125,ICE144,ICE,Deutsche Bahn,Augsburg Hbf,Dresden Hbf,Fri,21:50,01:26,8,Frankfurt(Main)Hbf;Düsseldorf Hbf,Bistro
126,IC378,IC,Deutsche Bahn,Augsburg Hbf,Freiburg (Breisgau) Hbf,Fri,10:40,13:47,15,Essen Hbf;Dortmund Hbf;Leipzig Hbf,On time
127,ICE732,ICE,Deutsche Bahn,Hannover Hbf,Freiburg (Breisgau) Hbf,Thu,06:20,08:32,9,Dresden Hbf;Augsburg Hbf,Wi-Fi
128,RE479,RE,Deutsche Bahn,Bremen Hbf,Rostock Hbf,Wed,22:20,23:01,2,Düsseldorf Hbf;Hannover Hbf;Dresden Hbf,Seasonal
129,RE583,RE,Deutsche Bahn,Düsseldorf Hbf,Leipzig Hbf,Wed,22:40,01:36,4,Augsburg Hbf;Freiburg (Breisgau) Hbf;Essen Hbf;Kiel Hbf,Bistro
130,IC700,IC,Deutsche Bahn,Essen Hbf,München Hbf,Fri,08:30,11:11,9,Augsburg Hbf;Köln Hbf;Nürnberg Hbf;Stuttgart Hbf,On time
131,ICE465,ICE,Deutsche Bahn,Stuttgart Hbf,Essen Hbf,Tue,16:50,18:07,11,Karlsruhe Hbf;Hamburg Hbf;Dortmund Hbf,On time
132,RE823,RE,Deutsche Bahn,Freiburg (Breisgau) Hbf,München Hbf,Thu,10:40,12:11,1,Kiel Hbf;Dresden Hbf;Rostock Hbf,On time
133,RE261,RE,Deutsche Bahn,Berlin Hbf,Augsburg Hbf,Sun,08:10,10:06,1,Mannheim Hbf;Freiburg (Breisgau) Hbf;Karlsruhe Hbf,Wi-Fi
134,IC539,IC,Deutsche Bahn,München Hbf,Frankfurt(Main)Hbf,Tue,21:00,00:49,10,Rostock Hbf;Köln Hbf,On time
135,RE459,RE,Deutsche Bahn,Rostock Hbf,Hamburg Hbf,Tue,19:40,21:54,8,München Hbf;Hannover Hbf,On time
136,RE980,RE,Deutsche Bahn,Stuttgart Hbf,Berlin Hbf,Thu,11:10,13:52,13,Bremen Hbf;Hamburg Hbf,Peak service
137,IC595,IC,Deutsche Bahn,Augsburg Hbf,Dortmund Hbf,Wed,07:10,12:15,8,Köln Hbf;Freiburg (Breisgau) Hbf;Bremen Hbf,Seasonal
138,ICE460,ICE,Deutsche Bahn,Karlsruhe Hbf,Düsseldorf Hbf,Tue,16:00,19:43,1,Hamburg Hbf;Mannheim Hbf;Hannover Hbf;Augsburg Hbf;Stuttgart Hbf,Bistro
139,RE177,RE,Deutsche Bahn,Essen Hbf,Kiel Hbf,Fri,15:00,16:17,7,Karlsruhe Hbf;Dortmund Hbf;Nürnberg Hbf;Frankfurt(Main)Hbf;Rostock Hbf,Limited stops
140,IC331,IC,Deutsche Bahn,Mannheim Hbf,Essen Hbf,Fri,20:20,01:03,2,Düsseldorf Hbf;Leipzig Hbf;Dresden Hbf;Karlsruhe Hbf,On time
141,ICE688,ICE,Deutsche Bahn,Augsburg Hbf,Düsseldorf Hbf,Sun,18:50,19:59,8,Essen Hbf;Bremen Hbf;München Hbf,On time
142,IC195,IC,Deutsche Bahn,München Hbf,Nürnberg Hbf,Thu,21:10,01:27,3,Stuttgart Hbf;Frankfurt(Main)Hbf;Rostock Hbf;Mannheim Hbf,Seasonal
143,ICE628,ICE,Deutsche Bahn,Bremen Hbf,Düsseldorf Hbf,Tue,17:30,19:49,15,Rostock Hbf;Hamburg Hbf;Nürnberg Hbf,Limited stops
144,IC378,IC,Deutsche Bahn,Frankfurt(Main)Hbf,Karlsruhe Hbf,Fri,06:00,08:32,4,München Hbf;Hannover Hbf;Stuttgart Hbf;Leipzig Hbf;Bremen Hbf,Construction detour
145,RE538,RE,Deutsche Bahn,Hamburg Hbf,Düsseldorf Hbf,Mon,14:00,14:32,15,Dresden Hbf;Karlsruhe Hbf;Nürnberg Hbf,Construction detour
146,IC447,IC,Deutsche Bahn,Bremen Hbf,Kiel Hbf,Thu,19:20,01:15,2,Dortmund Hbf;Nürnberg Hbf,On time
147,ICE263,ICE,Deutsche Bahn,Hannover Hbf,Freiburg (Breisgau) Hbf,Wed,15:30,17:03,13,Stuttgart Hbf;Bremen Hbf;Düsseldorf Hbf,Wi-Fi
148,IC360,IC,Deutsche Bahn,Dortmund Hbf,Mannheim Hbf,Sun,22:40,04:34,15,Hannover Hbf;Bremen Hbf;Leipzig Hbf;Berlin Hbf,Construction detour
149,IC919,IC,Deutsche Bahn,Berlin Hbf,Stuttgart Hbf,Sun,19:00,21:46,11,Köln Hbf;Dresden Hbf,Wi-Fi
150,ICE197,ICE,Deutsche Bahn,Dortmund Hbf,Stuttgart Hbf,Sun,12:40,17:27,9,Berlin Hbf;Kiel Hbf,Limited stops
151,ICE503,ICE,Deutsche Bahn,Stuttgart Hbf,Köln Hbf,Sat,12:40,14:30,8,München Hbf;Hamburg Hbf;Augsburg Hbf,Construction detour
152,IC777,IC,Deutsche Bahn,Leipzig Hbf,Hamburg Hbf,Fri,17:30,22:07,6,München Hbf;Berlin Hbf,Construction detour
153,RE649,RE,Deutsche Bahn,Hannover Hbf,Kiel Hbf,Sat,20:20,20:58,15,Rostock Hbf;Bremen Hbf;Freiburg (Breisgau) Hbf;Karlsruhe Hbf;Berlin Hbf,Bistro
154,IC366,IC,Deutsche Bahn,Leipzig Hbf,Dortmund Hbf,Fri,16:10,17:55,7,Stuttgart Hbf;Mannheim Hbf,On time
155,IC268,IC,Deutsche Bahn,Dortmund Hbf,Mannheim Hbf,Thu,17:40,22:17,12,Rostock Hbf;Bremen Hbf;Düsseldorf Hbf;Stuttgart Hbf;Kiel Hbf,Seasonal
156,IC658,IC,Deutsche Bahn,Mannheim Hbf,Düsseldorf Hbf,Wed,21:20,02:05,13,Stuttgart Hbf;Berlin Hbf;Rostock Hbf,Construction detour
157,IC826,IC,Deutsche Bahn,Köln Hbf,Essen Hbf,Wed,07:20,11:34,13,Nürnberg Hbf;Dresden Hbf,Limited stops
158,RE104,RE,Deutsche Bahn,Hannover Hbf,Bremen Hbf,Thu,13:00,15:51,13,Frankfurt(Main)Hbf;Essen Hbf;München Hbf;Kiel Hbf,On time
159,RE777,RE,Deutsche Bahn,Rostock Hbf,Freiburg (Breisgau) Hbf,Mon,21:40,23:19,3,Dresden Hbf;Hannover Hbf;Mannheim Hbf,On time
160,RE994,RE,Deutsche Bahn,Bremen Hbf,Berlin Hbf,Mon,20:40,22:33,8,Mannheim Hbf;Leipzig Hbf,Construction detour
161,IC171,IC,Deutsche Bahn,Leipzig Hbf,Düsseldorf Hbf,Sat,14:40,19:52,7,Nürnberg Hbf;Stuttgart Hbf;Köln Hbf,Bistro
162,RE715,RE,Deutsche Bahn,Hannover Hbf,Rostock Hbf,Sat,14:10,16:01,2,Mannheim Hbf;Köln Hbf;Düsseldorf Hbf,Wi-Fi
163,ICE180,ICE,Deutsche Bahn,Kiel Hbf,Karlsruhe Hbf,Thu,08:50,12:54,12,Mannheim Hbf;Freiburg (Breisgau) Hbf;Hamburg Hbf,On time
164,ICE455,ICE,Deutsche Bahn,Kiel Hbf,Nürnberg Hbf,Thu,07:40,09:31,7,Mannheim Hbf;Rostock Hbf;Leipzig Hbf;Dresden Hbf;Dortmund Hbf,Limited stops
165,RE589,RE,Deutsche Bahn,Bremen Hbf,Freiburg (Breisgau) Hbf,Mon,17:30,19:14,4,Mannheim Hbf;Kiel Hbf;Rostock Hbf,Seasonal
166,IC569,IC,Deutsche Bahn,Nürnberg Hbf,Berlin Hbf,Fri,21:20,02:59,13,Karlsruhe Hbf;Dortmund Hbf,On time
167,RE152,RE,Deutsche Bahn,Hannover Hbf,München Hbf,Mon,08:20,09:52,4,Stuttgart Hbf;Kiel Hbf,On time
168,RE747,RE,Deutsche Bahn,Dresden Hbf,Dortmund Hbf,Mon,19:20,20:18,14,Karlsruhe Hbf;Mannheim Hbf,Wi-Fi
169,ICE836,ICE,Deutsche Bahn,Hamburg Hbf,Leipzig Hbf,Mon,15:50,17:33,12,Düsseldorf Hbf;Frankfurt(Main)Hbf,Wi-Fi
170,IC609,IC,Deutsche Bahn,Hamburg Hbf,Nürnberg Hbf,Sun,07:00,10:20,11,Dortmund Hbf;Mannheim Hbf;Essen Hbf;Kiel Hbf,Wi-Fi
171,ICE958,ICE,Deutsche Bahn,Nürnberg Hbf,Köln Hbf,Tue,12:20,13:39,3,Essen Hbf;Dortmund Hbf,Construction detour
172,IC394,IC,Deutsche Bahn,Frankfurt(Main)Hbf,Freiburg (Breisgau) Hbf,Wed,17:40,22:03,10,Augsburg Hbf;Dresden Hbf;Mannheim Hbf,Limited stops
173,IC441,IC,Deutsche Bahn,Karlsruhe Hbf,Düsseldorf Hbf,Mon,17:20,21:09,5,Kiel Hbf;Stuttgart Hbf;Leipzig Hbf;München Hbf;Essen Hbf,Peak service
174,ICE354,ICE,Deutsche Bahn,Frankfurt(Main)Hbf,Augsburg Hbf,Tue,20:20,23:51,4,Bremen Hbf;Nürnberg Hbf;Mannheim Hbf;Stuttgart Hbf;Köln Hbf,Limited stops
175,IC925,IC,Deutsche Bahn,Düsseldorf Hbf,Essen Hbf,Fri,08:20,10:51,11,Kiel Hbf;Leipzig Hbf;München Hbf,Seasonal
176,ICE836,ICE,Deutsche Bahn,Leipzig Hbf,Rostock Hbf,Thu,07:50,12:25,12,Berlin Hbf;Essen Hbf;Bremen Hbf;Augsburg Hbf;Hamburg Hbf,Construction detour
177,RE150,RE,Deutsche Bahn,Hannover Hbf,Augsburg Hbf,Sat,15:20,16:52,6,Dortmund Hbf;Nürnberg Hbf,Construction detour
178,IC608,IC,Deutsche Bahn,Bremen Hbf,Dresden Hbf,Mon,13:40,16:23,3,Köln Hbf;Rostock Hbf;Essen Hbf;Hannover Hbf,Construction detour
179,RE269,RE,Deutsche Bahn,Augsburg Hbf,Düsseldorf Hbf,Sat,12:40,14:08,11,Berlin Hbf;Rostock Hbf;Dresden Hbf;Dortmund Hbf;Nürnberg Hbf,Peak service
180,IC257,IC,Deutsche Bahn,Bremen Hbf,Berlin Hbf,Thu,07:50,11:52,3,Essen Hbf;Hannover Hbf;Rostock Hbf;Dortmund Hbf,Construction detour
181,ICE750,ICE,Deutsche Bahn,Leipzig Hbf,Hannover Hbf,Sun,08:00,10:22,9,München Hbf;Augsburg Hbf,Limited stops
182,IC850,IC,Deutsche Bahn,Rostock Hbf,Berlin Hbf,Mon,07:50,10:49,11,Dresden Hbf;Freiburg (Breisgau) Hbf;Nürnberg Hbf;Düsseldorf Hbf;Köln Hbf,Seasonal
183,IC833,IC,Deutsche Bahn,München Hbf,Düsseldorf Hbf,Fri,14:00,16:41,6,Essen Hbf;Hannover Hbf,Limited stops
184,IC957,IC,Deutsche Bahn,Frankfurt(Main)Hbf,Hamburg Hbf,Thu,16:10,18:50,13,Kiel Hbf;Dortmund Hbf;München Hbf,Construction detour
185,RE539,RE,Deutsche Bahn,Düsseldorf Hbf,München Hbf,Mon,20:00,21:26,11,Rostock Hbf;Hannover Hbf;Frankfurt(Main)Hbf;Dortmund Hbf;Stuttgart Hbf,Peak service
186,IC359,IC,Deutsche Bahn,Stuttgart Hbf,Kiel Hbf,Sun,15:50,19:40,11,Nürnberg Hbf;Hannover Hbf;Berlin Hbf,Limited stops
187,RE824,RE,Deutsche Bahn,Dortmund Hbf,Köln Hbf,Tue,20:00,20:37,11,Kiel Hbf;Bremen Hbf;Essen Hbf;Frankfurt(Main)Hbf,Wi-Fi
188,RE925,RE,Deutsche Bahn,München Hbf,Frankfurt(Main)Hbf,Tue,20:50,22:00,1,Hannover Hbf;Nürnberg Hbf;Dresden Hbf,Seasonal
189,IC735,IC,Deutsche Bahn,Leipzig Hbf,Rostock Hbf,Sun,07:50,13:41,11,München Hbf;Kiel Hbf;Dresden Hbf;Hannover Hbf,Construction detour
190,RE128,RE,Deutsche Bahn,Köln Hbf,Nürnberg Hbf,Sun,09:20,10:33,14,Mannheim Hbf;Essen Hbf;Augsburg Hbf,Wi-Fi
191,RE593,RE,Deutsche Bahn,Köln Hbf,Berlin Hbf,Sat,16:40,18:48,2,Düsseldorf Hbf;Kiel Hbf,Limited stops
192,RE871,RE,Deutsche Bahn,Berlin Hbf,Freiburg (Breisgau) Hbf,Tue,12:10,15:08,3,Kiel Hbf;Stuttgart Hbf,Limited stops
193,IC455,IC,Deutsche Bahn,Kiel Hbf,Nürnberg Hbf,Mon,08:40,13:02,8,Dresden Hbf;Düsseldorf Hbf,Bistro
194,ICE223,ICE,Deutsche Bahn,Frankfurt(Main)Hbf,Kiel Hbf,Sun,14:30,18:39,4,Augsburg Hbf;Berlin Hbf;Hamburg Hbf;Hannover Hbf;Mannheim Hbf,Construction detour
195,ICE592,ICE,Deutsche Bahn,Augsburg Hbf,Karlsruhe Hbf,Sun,07:30,08:35,8,Leipzig Hbf;Köln Hbf,Peak service
196,ICE169,ICE,Deutsche Bahn,Augsburg Hbf,Hannover Hbf,Tue,21:10,22:48,12,Frankfurt(Main)Hbf;Kiel Hbf;Dortmund Hbf;Köln Hbf;Hamburg Hbf,Wi-Fi
197,IC622,IC,Deutsche Bahn,Leipzig Hbf,Freiburg (Breisgau) Hbf,Sun,14:40,17:20,1,Köln Hbf;Dresden Hbf;Kiel Hbf,Wi-Fi
198,ICE558,ICE,Deutsche Bahn,Hamburg Hbf,München Hbf,Sat,10:40,12:04,7,Augsburg Hbf;Hannover Hbf;Essen Hbf,Construction detour
199,RE130,RE,Deutsche Bahn,München Hbf,Rostock Hbf,Mon,16:20,18:57,3,Dresden Hbf;Freiburg (Breisgau) Hbf;Hamburg Hbf,Seasonal
200,IC257,IC,Deutsche Bahn,Dresden Hbf,Augsburg Hbf,Thu,17:20,22:01,12,Köln Hbf;Kiel Hbf,Seasonal
201,RE947,RE,Deutsche Bahn,Augsburg Hbf,Rostock Hbf,Tue,17:20,19:08,3,Düsseldorf Hbf;München Hbf;Dresden Hbf;Frankfurt(Main)Hbf;Freiburg (Breisgau) Hbf,Construction detour
202,IC911,IC,Deutsche Bahn,Nürnberg Hbf,Düsseldorf Hbf,Sat,22:30,00:02,11,München Hbf;Rostock Hbf,Limited stops
203,RE636,RE,Deutsche Bahn,Köln Hbf,Karlsruhe Hbf,Wed,07:40,08:45,9,Stuttgart Hbf;Bremen Hbf,Bistro
204,ICE581,ICE,Deutsche Bahn,Nürnberg Hbf,Dresden Hbf,Sat,12:40,17:40,14,Mannheim Hbf;Berlin Hbf;Rostock Hbf;Hannover Hbf,Peak service
205,ICE510,ICE,Deutsche Bahn,Hamburg Hbf,Frankfurt(Main)Hbf,Mon,09:50,14:23,5,Köln Hbf;Kiel Hbf;Essen Hbf;Dresden Hbf,Peak service
206,ICE616,ICE,Deutsche Bahn,Rostock Hbf,Hannover Hbf,Thu,10:10,13:11,7,München Hbf;Düsseldorf Hbf,Peak service
207,IC712,IC,Deutsche Bahn,Essen Hbf,Karlsruhe Hbf,Wed,19:20,00:16,3,Dresden Hbf;Berlin Hbf;München Hbf,On time
208,IC889,IC,Deutsche Bahn,Dresden Hbf,München Hbf,Thu,20:20,01:20,14,Düsseldorf Hbf;Dortmund Hbf;Bremen Hbf;Berlin Hbf,Seasonal
209,ICE228,ICE,Deutsche Bahn,Frankfurt(Main)Hbf,Stuttgart Hbf,Fri,19:40,00:04,14,München Hbf;Dresden Hbf,Limited stops
210,IC769,IC,Deutsche Bahn,Augsburg Hbf,Karlsruhe Hbf,Wed,07:00,10:31,14,Essen Hbf;Köln Hbf;Dortmund Hbf;Rostock Hbf,Peak service
211,IC186,IC,Deutsche Bahn,Mannheim Hbf,Rostock Hbf,Mon,16:50,20:00,8,Augsburg Hbf;Bremen Hbf,On time
212,IC243,IC,Deutsche Bahn,Hamburg Hbf,Freiburg (Breisgau) Hbf,Mon,18:20,20:43,3,Nürnberg Hbf;Mannheim Hbf;Berlin Hbf;Stuttgart Hbf;Hannover Hbf,Bistro
213,IC103,IC,Deutsche Bahn,Kiel Hbf,Hamburg Hbf,Sat,21:50,00:46,11,Berlin Hbf;Hannover Hbf,Bistro
214,ICE329,ICE,Deutsche Bahn,Nürnberg Hbf,Karlsruhe Hbf,Tue,17:00,18:30,8,Köln Hbf;Essen Hbf;Dresden Hbf;Leipzig Hbf,Construction detour
215,RE992,RE,Deutsche Bahn,Dresden Hbf,Stuttgart Hbf,Fri,10:10,11:05,7,Rostock Hbf;Nürnberg Hbf,Limited stops
216,ICE218,ICE,Deutsche Bahn,Hannover Hbf,München Hbf,Tue,14:50,19:44,4,Bremen Hbf;Rostock Hbf;Kiel Hbf,On time
217,RE668,RE,Deutsche Bahn,Stuttgart Hbf,Mannheim Hbf,Sat,16:10,17:33,5,München Hbf;Essen Hbf;Düsseldorf Hbf;Bremen Hbf;Nürnberg Hbf,On time
218,RE441,RE,Deutsche Bahn,Berlin Hbf,Kiel Hbf,Wed,17:50,18:25,2,Düsseldorf Hbf;Dortmund Hbf,Construction detour
219,ICE287,ICE,Deutsche Bahn,Stuttgart Hbf,Karlsruhe Hbf,Fri,05:00,06:13,8,Nürnberg Hbf;Rostock Hbf,On time
220,IC553,IC,Deutsche Bahn,Berlin Hbf,Essen Hbf,Sun,17:30,19:07,7,Köln Hbf;Dortmund Hbf;Düsseldorf Hbf,Limited stops
221,ICE432,ICE,Deutsche Bahn,Mannheim Hbf,Düsseldorf Hbf,Sat,12:20,14:45,5,Freiburg (Breisgau) Hbf;Bremen Hbf;Frankfurt(Main)Hbf,On time
222,ICE846,ICE,Deutsche Bahn,Berlin Hbf,Freiburg (Breisgau) Hbf,Tue,05:40,09:37,2,München Hbf;Essen Hbf;Dresden Hbf;Nürnberg Hbf;Leipzig Hbf,On time
223,IC862,IC,Deutsche Bahn,Köln Hbf,Leipzig Hbf,Sat,05:00,09:43,1,Nürnberg Hbf;Düsseldorf Hbf;Dortmund Hbf,Construction detour
224,IC832,IC,Deutsche Bahn,Düsseldorf Hbf,Dortmund Hbf,Fri,12:40,17:34,12,Essen Hbf;Freiburg (Breisgau) Hbf;Mannheim Hbf;Bremen Hbf;Nürnberg Hbf,Limited stops
225,RE107,RE,Deutsche Bahn,Rostock Hbf,Dortmund Hbf,Tue,17:10,17:46,5,Köln Hbf;Hannover Hbf;Augsburg Hbf;Nürnberg Hbf;Essen Hbf,Limited stops
226,ICE220,ICE,Deutsche Bahn,München Hbf,Dresden Hbf,Sat,12:50,14:16,14,Freiburg (Breisgau) Hbf;Hannover Hbf;Nürnberg Hbf;Augsburg Hbf,Bistro
227,ICE524,ICE,Deutsche Bahn,Essen Hbf,Leipzig Hbf,Sun,08:30,10:13,4,München Hbf;Hannover Hbf;Dresden Hbf,Peak service
228,RE783,RE,Deutsche Bahn,Freiburg (Breisgau) Hbf,Kiel Hbf,Thu,07:10,10:07,7,Mannheim Hbf;München Hbf;Bremen Hbf;Hannover Hbf,Peak service
229,RE576,RE,Deutsche Bahn,Stuttgart Hbf,Nürnberg Hbf,Wed,09:10,12:08,1,Bremen Hbf;Mannheim Hbf;Düsseldorf Hbf;Frankfurt(Main)Hbf;Hannover Hbf,Peak service
230,ICE656,ICE,Deutsche Bahn,München Hbf,Leipzig Hbf,Mon,11:20,16:07,3,Essen Hbf;Bremen Hbf;Stuttgart Hbf;Düsseldorf Hbf,On time
231,IC468,IC,Deutsche Bahn,Nürnberg Hbf,Mannheim Hbf,Sat,09:00,13:21,7,Essen Hbf;Hannover Hbf;Augsburg Hbf;Rostock Hbf,On time
232,ICE241,ICE,Deutsche Bahn,Hannover Hbf,Frankfurt(Main)Hbf,Sun,07:20,11:09,5,Dresden Hbf;Rostock Hbf;München Hbf;Leipzig Hbf,Peak service
233,IC898,IC,Deutsche Bahn,Hamburg Hbf,Dresden Hbf,Tue,11:20,15:19,3,Köln Hbf;Kiel Hbf;Frankfurt(Main)Hbf,Wi-Fi
234,ICE777,ICE,Deutsche Bahn,Karlsruhe Hbf,Hamburg Hbf,Sun,20:50,22:32,15,Köln Hbf;Essen Hbf;Düsseldorf Hbf;Berlin Hbf;Freiburg (Breisgau) Hbf,Seasonal
235,IC611,IC,Deutsche Bahn,München Hbf,Augsburg Hbf,Tue,14:20,18:01,12,Mannheim Hbf;Düsseldorf Hbf;Köln Hbf,Wi-Fi
236,IC462,IC,Deutsche Bahn,Dresden Hbf,Dortmund Hbf,Tue,15:30,19:21,12,Stuttgart Hbf;Düsseldorf Hbf;Essen Hbf;München Hbf,Peak service
237,IC442,IC,Deutsche Bahn,Köln Hbf,Nürnberg Hbf,Mon,10:20,12:12,5,Hannover Hbf;Karlsruhe Hbf;Frankfurt(Main)Hbf;Hamburg Hbf;Düsseldorf Hbf,Wi-Fi
238,ICE842,ICE,Deutsche Bahn,Hamburg Hbf,Köln Hbf,Sun,17:50,21:29,11,Essen Hbf;Leipzig Hbf;Stuttgart Hbf,On time
239,IC449,IC,Deutsche Bahn,Stuttgart Hbf,Rostock Hbf,Sat,08:30,13:56,2,Hamburg Hbf;Dortmund Hbf;Düsseldorf Hbf;Mannheim Hbf;Hannover Hbf,Bistro
240,IC582,IC,Deutsche Bahn,Essen Hbf,Dresden Hbf,Wed,05:40,07:30,9,Düsseldorf Hbf;Berlin Hbf,On time
241,RE930,RE,Deutsche Bahn,Augsburg Hbf,Stuttgart Hbf,Tue,14:40,17:32,6,München Hbf;Nürnberg Hbf;Mannheim Hbf;Leipzig Hbf;Berlin Hbf,Seasonal
242,IC911,IC,Deutsche Bahn,Nürnberg Hbf,Dresden Hbf,Fri,19:00,20:36,8,Karlsruhe Hbf;München Hbf;Leipzig Hbf;Bremen Hbf;Kiel Hbf,Wi-Fi
243,IC446,IC,Deutsche Bahn,Berlin Hbf,München Hbf,Wed,16:30,20:22,4,Hannover Hbf;Dortmund Hbf;Mannheim Hbf;Karlsruhe Hbf,Construction detour
244,ICE620,ICE,Deutsche Bahn,Dresden Hbf,Frankfurt(Main)Hbf,Sun,15:50,18:29,12,Dortmund Hbf;Karlsruhe Hbf,Bistro
245,ICE485,ICE,Deutsche Bahn,Stuttgart Hbf,Nürnberg Hbf,Sat,21:10,00:12,1,Kiel Hbf;Augsburg Hbf;Mannheim Hbf;Berlin Hbf,Construction detour
246,RE151,RE,Deutsche Bahn,Rostock Hbf,Freiburg (Breisgau) Hbf,Mon,20:30,21:18,15,Berlin Hbf;Nürnberg Hbf;Köln Hbf,Wi-Fi
247,IC187,IC,Deutsche Bahn,München Hbf,Rostock Hbf,Tue,15:50,17:58,9,Mannheim Hbf;Düsseldorf Hbf,Wi-Fi
248,IC487,IC,Deutsche Bahn,Dortmund Hbf,Mannheim Hbf,Mon,22:50,02:22,15,Kiel Hbf;Berlin Hbf;Rostock Hbf;Düsseldorf Hbf,Limited stops
249,ICE286,ICE,Deutsche Bahn,Dortmund Hbf,Dresden Hbf,Fri,10:40,11:58,6,Nürnberg Hbf;Leipzig Hbf,On time
250,ICE902,ICE,Deutsche Bahn,Nürnberg Hbf,Berlin Hbf,Sat,20:20,21:35,4,Mannheim Hbf;Karlsruhe Hbf,Construction detour
251,ICE110,ICE,Deutsche Bahn,Köln Hbf,Freiburg (Breisgau) Hbf,Sun,20:40,22:49,11,Frankfurt(Main)Hbf;Leipzig Hbf,On time
252,IC848,IC,Deutsche Bahn,Augsburg Hbf,Nürnberg Hbf,Sun,11:50,15:18,4,Düsseldorf Hbf;Köln Hbf;Kiel Hbf,Wi-Fi
253,RE585,RE,Deutsche Bahn,Dresden Hbf,Augsburg Hbf,Thu,08:00,10:39,4,Stuttgart Hbf;Essen Hbf,Construction detour
254,RE345,RE,Deutsche Bahn,Berlin Hbf,Karlsruhe Hbf,Thu,07:00,09:37,8,Stuttgart Hbf;Dortmund Hbf;Freiburg (Breisgau) Hbf,Bistro
255,RE856,RE,Deutsche Bahn,Berlin Hbf,Nürnberg Hbf,Wed,13:00,15:53,2,Augsburg Hbf;Frankfurt(Main)Hbf;Rostock Hbf;Bremen Hbf;Düsseldorf Hbf,On time
256,ICE467,ICE,Deutsche Bahn,Düsseldorf Hbf,Hannover Hbf,Thu,18:30,23:11,4,Karlsruhe Hbf;Stuttgart Hbf;Mannheim Hbf,On time
257,ICE869,ICE,Deutsche Bahn,Nürnberg Hbf,Leipzig Hbf,Tue,12:40,15:35,4,Bremen Hbf;Köln Hbf;Düsseldorf Hbf;Kiel Hbf;Frankfurt(Main)Hbf,Bistro
258,IC782,IC,Deutsche Bahn,Augsburg Hbf,Stuttgart Hbf,Mon,19:10,23:16,13,Nürnberg Hbf;Dortmund Hbf;Frankfurt(Main)Hbf;Hamburg Hbf,Peak service
259,RE410,RE,Deutsche Bahn,Freiburg (Breisgau) Hbf,Stuttgart Hbf,Sat,22:20,22:56,7,Hamburg Hbf;Nürnberg Hbf;München Hbf;Frankfurt(Main)Hbf;Karlsruhe Hbf,Wi-Fi
260,IC235,IC,Deutsche Bahn,Frankfurt(Main)Hbf,München Hbf,Wed,08:10,11:53,3,Dresden Hbf;Stuttgart Hbf;Freiburg (Breisgau) Hbf;Bremen Hbf;Düsseldorf Hbf,Peak service
261,RE424,RE,Deutsche Bahn,Rostock Hbf,Essen Hbf,Mon,06:00,08:05,13,Mannheim Hbf;Dortmund Hbf;Augsburg Hbf,On time
262,ICE611,ICE,Deutsche Bahn,Karlsruhe Hbf,Leipzig Hbf,Wed,18:40,23:16,10,Essen Hbf;Augsburg Hbf,Seasonal
263,IC834,IC,Deutsche Bahn,Mannheim Hbf,Düsseldorf Hbf,Sat,19:30,21:32,9,Nürnberg Hbf;Essen Hbf;Stuttgart Hbf;Hannover Hbf,Wi-Fi
264,ICE403,ICE,Deutsche Bahn,Mannheim Hbf,Augsburg Hbf,Wed,16:50,20:25,15,Freiburg (Breisgau) Hbf;Hamburg Hbf;Essen Hbf;Hannover Hbf,Bistro
265,ICE408,ICE,Deutsche Bahn,Essen Hbf,Stuttgart Hbf,Thu,17:00,20:34,14,Hamburg Hbf;Karlsruhe Hbf;München Hbf;Köln Hbf;Freiburg (Breisgau) Hbf,Limited stops
266,RE529,RE,Deutsche Bahn,Dortmund Hbf,Karlsruhe Hbf,Sun,17:00,19:48,14,Köln Hbf;Frankfurt(Main)Hbf;Stuttgart Hbf,Seasonal
267,IC558,IC,Deutsche Bahn,Dortmund Hbf,Essen Hbf,Sat,20:30,02:00,9,München Hbf;Nürnberg Hbf,Seasonal
268,RE322,RE,Deutsche Bahn,Leipzig Hbf,Rostock Hbf,Wed,19:50,21:58,5,Essen Hbf;Berlin Hbf;Karlsruhe Hbf;Bremen Hbf,Peak service
269,ICE515,ICE,Deutsche Bahn,München Hbf,Nürnberg Hbf,Fri,17:30,18:41,4,Hamburg Hbf;Dortmund Hbf;Karlsruhe Hbf;Düsseldorf Hbf,Peak service
270,RE869,RE,Deutsche Bahn,Hannover Hbf,Leipzig Hbf,Sun,14:10,15:21,9,Frankfurt(Main)Hbf;Bremen Hbf,On time
271,RE128,RE,Deutsche Bahn,Dresden Hbf,Frankfurt(Main)Hbf,Thu,13:40,14:42,5,Köln Hbf;Stuttgart Hbf;Dortmund Hbf,Peak service
272,RE846,RE,Deutsche Bahn,Leipzig Hbf,Hamburg Hbf,Sun,09:20,12:03,10,Köln Hbf;Berlin Hbf;Essen Hbf;Bremen Hbf,Bistro
273,IC257,IC,Deutsche Bahn,Hamburg Hbf,München Hbf,Mon,08:50,12:23,11,Bremen Hbf;Nürnberg Hbf;Dresden Hbf;Dortmund Hbf;Augsburg Hbf,On time
274,ICE287,ICE,Deutsche Bahn,Stuttgart Hbf,München Hbf,Sat,16:00,17:28,13,Kiel Hbf;Dresden Hbf,Construction detour
275,IC948,IC,Deutsche Bahn,Stuttgart Hbf,Augsburg Hbf,Sat,10:20,12:01,11,Bremen Hbf;Dortmund Hbf;Frankfurt(Main)Hbf;Köln Hbf;München Hbf,Seasonal
276,ICE533,ICE,Deutsche Bahn,Dortmund Hbf,Frankfurt(Main)Hbf,Sun,16:40,18:05,8,Köln Hbf;Leipzig Hbf;Kiel Hbf;Hamburg Hbf;Berlin Hbf,Peak service
277,RE983,RE,Deutsche Bahn,Freiburg (Breisgau) Hbf,Leipzig Hbf,Thu,17:50,19:22,7,Dortmund Hbf;Essen Hbf;Hannover Hbf;Hamburg Hbf;Köln Hbf,Wi-Fi
278,IC761,IC,Deutsche Bahn,Berlin Hbf,Köln Hbf,Wed,07:00,12:11,6,Nürnberg Hbf;Mannheim Hbf;Essen Hbf,Limited stops
279,RE616,RE,Deutsche Bahn,Dresden Hbf,Augsburg Hbf,Fri,21:40,22:35,8,Nürnberg Hbf;Köln Hbf;Berlin Hbf;Stuttgart Hbf;Dortmund Hbf,Bistro
280,RE945,RE,Deutsche Bahn,Hannover Hbf,Kiel Hbf,Tue,09:40,10:14,5,Düsseldorf Hbf;Köln Hbf;Berlin Hbf;Augsburg Hbf,Bistro
281,IC903,IC,Deutsche Bahn,Kiel Hbf,Augsburg Hbf,Wed,15:00,20:14,15,Düsseldorf Hbf;München Hbf;Dresden Hbf;Mannheim Hbf;Hannover Hbf,Seasonal
282,ICE182,ICE,Deutsche Bahn,Frankfurt(Main)Hbf,Köln Hbf,Mon,14:30,18:04,12,Berlin Hbf;Bremen Hbf;Düsseldorf Hbf;Leipzig Hbf;Dortmund Hbf,Construction detour
283,RE503,RE,Deutsche Bahn,Köln Hbf,Dresden Hbf,Tue,10:20,12:41,9,Mannheim Hbf;Kiel Hbf;Karlsruhe Hbf;Düsseldorf Hbf;Dortmund Hbf,Peak service
284,IC747,IC,Deutsche Bahn,Dortmund Hbf,Bremen Hbf,Thu,18:20,00:19,6,Nürnberg Hbf;Kiel Hbf;Dresden Hbf;Leipzig Hbf,Wi-Fi
285,ICE592,ICE,Deutsche Bahn,Frankfurt(Main)Hbf,Dresden Hbf,Tue,22:50,01:24,11,Stuttgart Hbf;Essen Hbf;Köln Hbf;Leipzig Hbf,On time
286,IC497,IC,Deutsche Bahn,Augsburg Hbf,Nürnberg Hbf,Wed,18:00,21:58,10,Dresden Hbf;Frankfurt(Main)Hbf;Hannover Hbf;Freiburg (Breisgau) Hbf;Karlsruhe Hbf,Construction detour
287,ICE421,ICE,Deutsche Bahn,Kiel Hbf,Düsseldorf Hbf,Thu,16:20,20:57,3,Hamburg Hbf;Dresden Hbf,On time
288,RE295,RE,Deutsche Bahn,Kiel Hbf,Köln Hbf,Mon,08:20,10:50,1,Berlin Hbf;Hannover Hbf,Construction detour
289,IC754,IC,Deutsche Bahn,Frankfurt(Main)Hbf,Dortmund Hbf,Sun,09:30,11:32,15,Hamburg Hbf;Berlin Hbf,Seasonal
290,IC683,IC,Deutsche Bahn,Düsseldorf Hbf,Nürnberg Hbf,Mon,15:20,19:39,6,Stuttgart Hbf;Bremen Hbf;Augsburg Hbf;Freiburg (Breisgau) Hbf;Mannheim Hbf,Construction detour
291,RE799,RE,Deutsche Bahn,Hamburg Hbf,Berlin Hbf,Fri,13:40,15:29,8,Leipzig Hbf;München Hbf,Bistro
292,ICE221,ICE,Deutsche Bahn,Augsburg Hbf,Karlsruhe Hbf,Fri,17:10,20:29,4,Kiel Hbf;Nürnberg Hbf;Essen Hbf,On time
293,ICE134,ICE,Deutsche Bahn,Kiel Hbf,Freiburg (Breisgau) Hbf,Sun,17:40,20:41,14,Nürnberg Hbf;Essen Hbf;Augsburg Hbf;Rostock Hbf;Berlin Hbf,Seasonal
294,RE124,RE,Deutsche Bahn,Nürnberg Hbf,Frankfurt(Main)Hbf,Sat,07:50,09:16,9,Hannover Hbf;Düsseldorf Hbf;Essen Hbf;Augsburg Hbf;Köln Hbf,On time
295,ICE917,ICE,Deutsche Bahn,Leipzig Hbf,Dortmund Hbf,Fri,13:30,16:29,5,Freiburg (Breisgau) Hbf;München Hbf;Dresden Hbf;Nürnberg Hbf;Stuttgart Hbf,Limited stops
296,IC755,IC,Deutsche Bahn,Kiel Hbf,Rostock Hbf,Fri,17:10,20:30,12,Dresden Hbf;Hamburg Hbf;Berlin Hbf;Leipzig Hbf,Limited stops
297,IC963,IC,Deutsche Bahn,München Hbf,Stuttgart Hbf,Sun,06:00,08:34,13,Rostock Hbf;Mannheim Hbf;Karlsruhe Hbf,Bistro
298,IC825,IC,Deutsche Bahn,Karlsruhe Hbf,Stuttgart Hbf,Wed,06:10,08:31,3,Dresden Hbf;Kiel Hbf;Berlin Hbf;Leipzig Hbf;Mannheim Hbf,Limited stops
299,IC665,IC,Deutsche Bahn,Nürnberg Hbf,Frankfurt(Main)Hbf,Mon,05:00,09:39,3,Essen Hbf;Leipzig Hbf;Mannheim Hbf;München Hbf,Peak service
300,IC813,IC,Deutsche Bahn,Hamburg Hbf,Freiburg (Breisgau) Hbf,Tue,21:20,00:13,1,Kiel Hbf;Dortmund Hbf;Köln Hbf;München Hbf;Frankfurt(Main)Hbf,Peak service
